"ProfID","lon","lat","top","bottom","Clay","Silt","Sand","SOC","pH","pH_Class","Clay_pH_Class"
"PROF0003_1",-101.9787342,39.069884,0,30,20.4629672,55.9,23.6,1.5744,8.13,"very_alkaline","medium_clay_alkaline"
"PROF0004_1",-101.78322,38.46796,0,30,22.8316904,57.9,19.3,1.352,6.12,"neutral","medium_clay_neutral"
"PROF0005_1",-101.78132,38.4703,0,30,26.4101586,58.4,15.2,1.51,7.25,"alkaline","medium_clay_alkaline"
"PROF0006_1",-101.77872,38.47096,0,30,19.7954184,54.9,25.3,1.65,6.75,"neutral","low_clay_neutral"
"PROF0007_1",-101.74667,38.5798,0,30,25.5185567,54.2,20.3,1.6972,7.21,"alkaline","medium_clay_alkaline"
"PROF0008_1",-101.7258606,39.2791672,0,30,32.3523316,57.7,9.9,1.4412,7.84,"alkaline","medium_clay_alkaline"
"PROF0009_1",-101.6745758,38.7700958,0,30,33.4874,57.5,8.7,1.6008,7.23,"alkaline","medium_clay_alkaline"
"PROF0010_1",-101.6739349,38.7700768,0,30,26.4536352,63,10.5,1.66,6.2,"neutral","medium_clay_neutral"
"PROF0011_1",-101.6737595,38.7696991,0,30,34.2075943,56.5,9.3,1,6.6,"neutral","medium_clay_neutral"
"PROF0012_1",-101.6669998,38.8320833,0,30,35.036606,59.2,5.8,2.5156,7.72,"alkaline","medium_clay_alkaline"
"PROF0013_1",-101.535978,38.508278,0,30,26.2398523,58.3,15.2,1.4524,8.29,"very_alkaline","medium_clay_alkaline"
"PROF0014_1",-101.5340286,38.507851,0,30,24.7548032,58.2,15.5,1.1852,8.28,"very_alkaline","medium_clay_alkaline"
"PROF0015_1",-101.5332556,38.504859,0,30,27.7807481,53.4,18.8,1.1572,8.29,"very_alkaline","medium_clay_alkaline"
"PROF0016_1",-101.477627,38.220871,0,30,14.4183409,26.1,59.5,0.456,8.22,"very_alkaline","low_clay_alkaline"
"PROF0017_1",-101.474492,38.220703,0,30,24.2326041,52.5,23.3,1.31,8.07,"very_alkaline","medium_clay_alkaline"
"PROF0018_1",-101.4703215,38.221674,0,30,25.8478867,57.8,16.4,0.97,8,"alkaline","medium_clay_alkaline"
"PROF0019_1",-101.4447028,38.5747139,0,30,24.3214475,56.4,19.3,1.3416,7.85,"alkaline","medium_clay_alkaline"
"PROF0020_1",-101.416975,37.7141528,0,30,49.9196807,44.5,5.6,1.4832,8.32,"very_alkaline","high_clay_alkaline"
"PROF0021_1",-101.3554722,37.3518611,0,30,26.9051627,47.3,26.3,0.9188,8.02,"very_alkaline","medium_clay_alkaline"
"PROF0022_1",-101.2533267,38.448401,0,30,30.8445098,36.6,32.6,1.17,7.28,"alkaline","medium_clay_alkaline"
"PROF0023_1",-101.250361,38.447367,0,30,28.2589532,29.8,41.9,0.5832,8.17,"very_alkaline","medium_clay_alkaline"
"PROF0024_1",-101.1744824,38.039666,0,30,22.4086954,35.3,42.3,1.4052,7.65,"alkaline","medium_clay_alkaline"
"PROF0025_1",-101.1740799,37.2981682,0,30,30.2332495,51.6,19.5,0.76,7.21,"alkaline","medium_clay_alkaline"
"PROF0026_1",-101.1681571,38.039611,0,30,13.9296331,16.4,69.2,1.042,8.04,"very_alkaline","low_clay_alkaline"
"PROF0027_1",-101.1651392,38.046236,0,30,16.7559531,22.2,61,0.6332,8.2,"very_alkaline","low_clay_alkaline"
"PROF0028_1",-101.1127472,37.3143044,0,30,26.5813953,51.5,21.2,0.9,6.72,"neutral","medium_clay_neutral"
"PROF0029_1",-101.1120556,39.2736111,0,30,22.2242356,59.7,17.7,1.3164,7.55,"alkaline","medium_clay_alkaline"
"PROF0030_1",-100.9438629,38.4798889,0,30,31.4859098,57.9,10.6,1.3,6.69,"neutral","medium_clay_neutral"
"PROF0032_1",-100.9100833,38.2407778,0,30,34.1386151,44.4,21.5,0.7968,7.97,"alkaline","medium_clay_alkaline"
"PROF0033_1",-100.8617935,38.0912819,0,30,26.4278604,39.2,34.4,0.7256,8.28,"very_alkaline","medium_clay_alkaline"
"PROF0034_1",-100.8413086,38.7571106,0,30,21.5681467,64.6,13.8,1.7092,7.8,"alkaline","medium_clay_alkaline"
"PROF0034_2",-100.8413086,38.7571106,0,30,29.988762,55.4,14.6,0.8364,8.15,"very_alkaline","medium_clay_alkaline"
"PROF0035_1",-100.8412704,38.0056534,0,30,34.8525225,46.3,18.8,1.046,8.22,"very_alkaline","medium_clay_alkaline"
"PROF0036_1",-100.8011703,38.355999,0,30,23.0284267,52.3,24.7,0.74,6.9,"neutral","medium_clay_neutral"
"PROF0037_1",-100.7999725,38.6030273,0,30,31.5241111,66.4,2.1,0.6456,7.81,"alkaline","medium_clay_alkaline"
"PROF0038_1",-100.7867778,38.3349167,0,30,24.003342,46.4,29.6,1.1156,7.54,"alkaline","medium_clay_alkaline"
"PROF0039_1",-100.7761678,38.3838611,0,30,18.1820679,27.4,54.4,0.3932,7.13,"alkaline","low_clay_alkaline"
"PROF0040_1",-100.7664722,38.6904444,0,30,22.8058689,53.5,23.7,1.7008,7.98,"alkaline","medium_clay_alkaline"
"PROF0041_1",-100.730256,38.992232,0,30,26.2965992,54.5,19.2,1.3856,7.82,"alkaline","medium_clay_alkaline"
"PROF0042_1",-100.73017,38.992294,0,30,27.9594697,53.4,20.7,1.6224,6.93,"neutral","medium_clay_neutral"
"PROF0043_1",-100.73005,38.992252,0,30,22.5201039,52.4,25.1,1.2396,7.72,"alkaline","medium_clay_alkaline"
"PROF0044_1",-100.6753769,38.3119659,0,30,33.6052221,51.5,14.9,1.1984,7.93,"alkaline","medium_clay_alkaline"
"PROF0045_1",-100.6701833,37.6941083,0,30,27.1669452,51.3,21.5,1.39,6.43,"neutral","medium_clay_neutral"
"PROF0047_1",-100.6474838,38.3121643,0,30,45.5301704,45.7,8.8,1.614,7.84,"alkaline","high_clay_alkaline"
"PROF0048_1",-100.6030832,37.0840546,0,30,2.9122128,4.6,92.5,0.2,6.6,"neutral","low_clay_neutral"
"PROF0049_1",-100.5982111,39.0628722,0,30,32.5450484,57.6,9.9,0.8808,7.35,"alkaline","medium_clay_alkaline"
"PROF0050_1",-100.5921694,37.0797611,0,30,11.25,9.2,79.5,0.18,6.79,"neutral","low_clay_neutral"
"PROF0051_1",-100.5671294,37.0940367,0,30,12.224343,7.7,80.1,0.26,6.98,"neutral","low_clay_neutral"
"PROF0052_1",-100.5659588,37.1002473,0,30,6.6102445,3.6,89.8,0.12,6.81,"neutral","low_clay_neutral"
"PROF0053_1",-100.5658007,37.0935093,0,30,21.5310345,19.8,58.7,0.7,5.85,"acid","medium_clay_acid"
"PROF0054_1",-100.561641,39.249225,0,30,26.07783645,62.25,10.4,1.6236,7.18,"alkaline","medium_clay_alkaline"
"PROF0054_2",-100.561641,39.249225,0,30,24.7008776,64.6,10.7,1.8528,7.4,"alkaline","medium_clay_alkaline"
"PROF0055_1",-100.5613333,37.7945556,0,30,11.14160715,19.55,69.3,0.53,5.925,"acid","low_clay_acid"
"PROF0056_1",-100.55743,39.244926,0,30,30.4240659,54.3,15.3,1.11,6.95,"neutral","medium_clay_neutral"
"PROF0056_2",-100.55743,39.244926,0,30,24.7980809,65.6,9.6,1.88,4.87,"very_acid","medium_clay_acid"
"PROF0057_1",-100.54297,39.244814,0,30,27.8252866,61.4,10.8,1.16,6.14,"neutral","medium_clay_neutral"
"PROF0057_2",-100.54297,39.244814,0,30,20.7341748,65.4,13.9,1.54,4.6,"very_acid","medium_clay_acid"
"PROF0058_1",-100.5412216,37.8573608,0,30,30.9148675,57.9,11.2,1.2416,7.82,"alkaline","medium_clay_alkaline"
"PROF0059_1",-100.5375944,38.1884861,0,30,33.3280765,48.5,18.2,0.996,8.05,"very_alkaline","medium_clay_alkaline"
"PROF0060_1",-100.5006512,39.213832,0,30,27.596407,61.7,10.7,1.0632,7.18,"alkaline","medium_clay_alkaline"
"PROF0061_1",-100.5005848,39.214518,0,30,30.3323883,58.1,11.6,0.8908,7.3,"alkaline","medium_clay_alkaline"
"PROF0062_1",-100.4993418,39.206181,0,30,21.4724313,61.2,17.3,1.76,5.53,"acid","medium_clay_acid"
"PROF0062_2",-100.4993418,39.206181,0,30,31.0148598,58,11,1.2028,7.28,"alkaline","medium_clay_alkaline"
"PROF0063_1",-100.4992667,39.214084,0,30,27.8376119,59.7,13,0.8432,7.3,"alkaline","medium_clay_alkaline"
"PROF0064_1",-100.48849,39.233595,0,30,27.7659774,60.6,11.4,0.8124,6.61,"neutral","medium_clay_neutral"
"PROF0065_1",-100.4831241,39.228014,0,30,28.656444,59.4,11.9,1.2284,6.87,"neutral","medium_clay_neutral"
"PROF0066_1",-100.4826982,39.228695,0,30,24.2666837,62.6,13.1,2.24,5.27,"acid","medium_clay_acid"
"PROF0066_2",-100.4826982,39.228695,0,30,30.0909674,56.2,11.9,1.15,6.46,"neutral","medium_clay_neutral"
"PROF0067_1",-100.4514937,39.206472,0,30,27.3533802,60,12.6,2.43,5.46,"acid","medium_clay_acid"
"PROF0067_2",-100.4514937,39.206472,0,30,36.4112355,52.5,11.1,0.7372,6.78,"neutral","medium_clay_neutral"
"PROF0068_1",-100.4507479,39.209626,0,30,28.9802743,58.9,12.1,1.3044,7.04,"alkaline","medium_clay_alkaline"
"PROF0069_1",-100.4497104,39.207611,0,30,31.5724442,57.5,10.9,1.1544,7.4,"alkaline","medium_clay_alkaline"
"PROF0070_1",-100.4482462,39.207936,0,30,34.2910479,55,10.7,1.2756,7.23,"alkaline","medium_clay_alkaline"
"PROF0071_1",-100.4390867,39.221628,0,30,38.0463927,51,11,0.7108,7.61,"alkaline","medium_clay_alkaline"
"PROF0072_1",-100.4374282,39.221531,0,30,29.4333894,60.6,10,1.7848,7.51,"alkaline","medium_clay_alkaline"
"PROF0073_1",-100.4369635,39.220897,0,30,26.7038556,62.7,10.6,1.5508,7.6,"alkaline","medium_clay_alkaline"
"PROF0074_1",-100.4356218,39.220427,0,30,29.2908305,64.1,6.6,1.84,5.52,"acid","medium_clay_acid"
"PROF0074_2",-100.4356218,39.220427,0,30,35.1220251,56.3,8.6,1.052,6.71,"neutral","medium_clay_neutral"
"PROF0075_1",-100.4125468,37.0478572,0,30,8.3539686,13.2,78.4,0.32,6.63,"neutral","low_clay_neutral"
"PROF0076_1",-100.4075433,37.048965,0,30,17.2734457,18.4,64.3,0.4832,8.04,"very_alkaline","low_clay_alkaline"
"PROF0077_1",-100.3957611,37.1348194,0,30,10.3956897,25,64.6,0.61,7.25,"alkaline","low_clay_alkaline"
"PROF0078_1",-100.3429167,39.8755,0,30,17.7460965,51.3,31,0.7076,7.99,"alkaline","low_clay_alkaline"
"PROF0079_1",-100.3307333,37.0482333,0,30,4.60477075,7.05,88.35,0.125,7.28,"alkaline","low_clay_alkaline"
"PROF0080_1",-100.3155,38.3179445,0,30,30.13296485,62.2,7.65,0.8032,7.99,"alkaline","medium_clay_alkaline"
"PROF0081_1",-100.0942688,38.7833824,0,30,9.2633965,29.2,61.5,1.0976,7.49,"alkaline","low_clay_alkaline"
"PROF0082_1",-100.0519409,37.5755539,0,30,31.5989022,64.3,4.1,1.6312,7.245,"alkaline","medium_clay_alkaline"
"PROF0082_2",-100.0519409,37.5755539,0,30,NA,NA,NA,NA,NA,NA,NA
"PROF0083_1",-99.984226,38.468376,0,30,28.1774091,63.6,8.2,2.0164,8.02,"very_alkaline","medium_clay_alkaline"
"PROF0084_1",-99.984219,38.468192,0,30,25.300977,65.9,8.8,1.5716,8.04,"very_alkaline","medium_clay_alkaline"
"PROF0085_1",-99.984219,38.468293,0,30,24.98146395,65.05,9.95,2.6454,7.86,"alkaline","medium_clay_alkaline"
"PROF0085_2",-99.984219,38.468293,0,30,30.1895558,64.9,4.9,0.9952,8.1,"very_alkaline","medium_clay_alkaline"
"PROF0086_1",-99.9016647,38.1006927,0,30,25.7727533,63.6,10.6,1.56,6.32,"neutral","medium_clay_neutral"
"PROF0087_1",-99.8405556,39.4950278,0,30,22.1352529,59.7,18.2,1.8,6.76,"neutral","medium_clay_neutral"
"PROF0088_1",-99.7596359,39.5855446,0,30,6.1800717,18.2,75.65,0.5292,7.94,"alkaline","low_clay_alkaline"
"PROF0089_1",-99.7596359,39.5857582,0,30,11.8395566,34.7,53.5,2.0156,7.52,"alkaline","low_clay_alkaline"
"PROF0090_1",-99.75575,39.81327778,0,30,23.578015,34.7,41.7,1.2176,8.16,"very_alkaline","medium_clay_alkaline"
"PROF0091_1",-99.7244034,37.7192268,0,30,30.9008873,42,27.1,0.82,6.39,"neutral","medium_clay_neutral"
"PROF0092_1",-99.716809,38.087289,0,30,28.2254127,55.8,15.8,1.9938,7.49,"alkaline","medium_clay_alkaline"
"PROF0093_1",-99.716658,38.087292,0,30,29.2328993,55,15.8,2.05,6.91,"neutral","medium_clay_neutral"
"PROF0094_1",-99.716529,38.087259,0,30,29.3830879,55.2,16.8,1.77,7.06,"alkaline","medium_clay_alkaline"
"PROF0095_1",-99.673779,38.919249,0,30,19.7361954,56.6,23.7,1.22,7.2,"alkaline","low_clay_alkaline"
"PROF0096_1",-99.673776,38.919171,0,30,19.7526217,56,26.6,1.26,7.26,"alkaline","low_clay_alkaline"
"PROF0097_1",-99.673652,38.91921,0,30,21.0389538,59.7,19.3,1.02,7.23,"alkaline","medium_clay_alkaline"
"PROF0098_1",-99.5579987,39.398304,0,30,20.1593899,38.3,41.8,0.8724,8.01,"very_alkaline","medium_clay_alkaline"
"PROF0099_1",-99.47791,39.67578,0,30,28.9541256,63.7,7.2,0.9576,7.94,"alkaline","medium_clay_alkaline"
"PROF0100_1",-99.47789,39.64507,0,30,27.0564713,65.6,7.3,0.8208,7.93,"alkaline","medium_clay_alkaline"
"PROF0101_1",-99.47775,39.64759,0,30,28.2283166,65.5,6.3,0.7772,7.98,"alkaline","medium_clay_alkaline"
"PROF0102_1",-99.3741843,38.8737662,0,30,27.1684421,45.5,27.3,1.7752,8.1,"very_alkaline","medium_clay_alkaline"
"PROF0103_1",-99.3738782,38.8717308,0,30,29.1857143,62.1,8.7,2.36,7.2,"alkaline","medium_clay_alkaline"
"PROF0104_1",-99.3652547,38.8743479,0,30,38.9131604,56.1,5,1.07,7.27,"alkaline","medium_clay_alkaline"
"PROF0105_1",-99.361225,38.9285926,0,30,30.58047365,61.55,7.9,1.5474,7.53,"alkaline","medium_clay_alkaline"
"PROF0106_1",-99.3585,38.9274028,0,30,22.74334,56.2,21.1,3.2748,8.02,"very_alkaline","medium_clay_alkaline"
"PROF0107_1",-99.3424307,38.8569537,0,30,24.1319333,50.1,23.4,1.2312,8.2,"very_alkaline","medium_clay_alkaline"
"PROF0108_1",-99.3422887,38.857793,0,30,24.917937,49.5,25.6,1.5024,8.13,"very_alkaline","medium_clay_alkaline"
"PROF0109_1",-99.3411835,38.8576254,0,30,28.1676525,56.8,15,3.6388,7.14,"alkaline","medium_clay_alkaline"
"PROF0110_1",-99.3295288,39.786335,0,30,22.4496167,71.8,5.8,1.86,6.43,"neutral","medium_clay_neutral"
"PROF0111_1",-99.316273,38.8443,0,30,34.4631114,56.6,8.95,2.075,6.81,"neutral","medium_clay_neutral"
"PROF0112_1",-99.3161651,38.8477117,0,30,27.558675,54.8,17.6,2.4244,8.01,"very_alkaline","medium_clay_alkaline"
"PROF0113_1",-99.3154798,38.8440855,0,30,34.5799745,53.25,12.45,2.105,7.095,"alkaline","medium_clay_alkaline"
"PROF0114_1",-99.314685,38.842806,0,30,36.1040932,44.8,19.1,1.07,6.21,"neutral","medium_clay_neutral"
"PROF0115_1",-99.3143434,38.8475045,0,30,26.8804018,65.3,7.8,1.4316,8.08,"very_alkaline","medium_clay_alkaline"
"PROF0116_1",-99.3139645,38.8442364,0,30,23.721349,52.7,20.75,0.6844,8.23,"very_alkaline","medium_clay_alkaline"
"PROF0117_1",-99.313483,38.849932,0,30,22.78860655,68.4,8.85,1.1632,8.09,"very_alkaline","medium_clay_alkaline"
"PROF0118_1",-99.31338,38.849887,0,30,23.3862062,69,7.6,1.1864,8.135,"very_alkaline","medium_clay_alkaline"
"PROF0119_1",-99.313298,38.849824,0,30,26.4785851,67.8,5.7,1.2072,8.13,"very_alkaline","medium_clay_alkaline"
"PROF0120_1",-99.303363,38.835464,0,30,28.7773836,56.9,14.3,1.77,6.73,"neutral","medium_clay_neutral"
"PROF0121_1",-99.23844,39.04247,0,30,31.1550644,44.2,24.6,1.9372,7.92,"alkaline","medium_clay_alkaline"
"PROF0122_1",-99.237097,39.044006,0,30,30.9004573,48.9,20.2,3.0388,7.67,"alkaline","medium_clay_alkaline"
"PROF0123_1",-99.2291641,39.4438896,0,30,22.7808828,64.9,15,0.92,6.52,"neutral","medium_clay_neutral"
"PROF0124_1",-99.1924167,38.5032778,0,30,25.2124574,62.2,12.6,2.11,6.93,"neutral","medium_clay_neutral"
"PROF0125_1",-99.192415,38.503409,0,30,23.8036087,63.3,12.9,1.8,7.36,"alkaline","medium_clay_alkaline"
"PROF0126_1",-99.192333,38.503316,0,30,24.9646006,62.2,12.8,1.9776,7.43,"alkaline","medium_clay_alkaline"
"PROF0127_1",-99.19232,38.503228,0,30,24.8862144,60.9,14.2,1.8976,7.76,"alkaline","medium_clay_alkaline"
"PROF0128_1",-99.1805801,37.7949715,0,30,9.9957748,9,81,0.62,4.5,"very_acid","low_clay_acid"
"PROF0129_1",-99.0235519,39.2910271,0,30,25.213357,71.1,3.7,1.58,6.47,"neutral","medium_clay_neutral"
"PROF0130_1",-98.9567184,38.1027794,0,30,16.4460778,16.8,66.8,0.48,5.82,"acid","low_clay_acid"
"PROF0131_1",-98.862498,39.375531,0,30,27.6285626,64.2,8.2,2.1556,8.05,"very_alkaline","medium_clay_alkaline"
"PROF0132_1",-98.862407,39.375534,0,30,25.9879172,64.4,8.3,1.7752,8.16,"very_alkaline","medium_clay_alkaline"
"PROF0133_1",-98.862333,39.375526,0,30,30.1249294,61.8,8.1,1.8852,8.13,"very_alkaline","medium_clay_alkaline"
"PROF0134_1",-98.855129,39.679666,0,30,24.2275079,66.2,9.6,1.0832,8.04,"very_alkaline","medium_clay_alkaline"
"PROF0135_1",-98.855039,39.679668,0,30,30.023826,64.4,5.6,0.9928,8.1,"very_alkaline","medium_clay_alkaline"
"PROF0136_1",-98.8550278,39.6795833,0,30,25.5432921,64.5,10,1.296,7.55,"alkaline","medium_clay_alkaline"
"PROF0137_1",-98.85495,39.67975,0,30,33.6876443,62.45,3.85,1.2794,8.03,"very_alkaline","medium_clay_alkaline"
"PROF0138_1",-98.8095016,37.9458046,0,30,9.9567954,13.2,76.85,0.62,5.06,"acid","low_clay_acid"
"PROF0139_1",-98.7879028,38.7541046,0,30,32.3443584,34,33.7,2.2184,8.02,"very_alkaline","medium_clay_alkaline"
"PROF0140_1",-98.7877579,38.754055,0,30,35.24291135,49.35,15.4,2.6834,7.885,"alkaline","medium_clay_alkaline"
"PROF0141_1",-98.7348633,38.5146942,0,30,29.8010848,61.5,8.7,2.5984,7.37,"alkaline","medium_clay_alkaline"
"PROF0142_1",-98.7035751,39.4544182,0,30,37.1148612,57.8,5.1,0.96,7.02,"alkaline","medium_clay_alkaline"
"PROF0143_1",-98.663002,38.9501953,0,30,32.485916,56,11.5,1.9304,7.64,"alkaline","medium_clay_alkaline"
"PROF0144_1",-98.6322479,39.0148888,0,30,30.2873883,59.3,9,1.8932,8,"alkaline","medium_clay_alkaline"
"PROF0145_1",-98.5501404,38.0102768,0,30,21.4705809,53.5,25,1.07,5.08,"acid","medium_clay_acid"
"PROF0146_1",-98.5127487,37.9689178,0,30,36.4766589,50.5,13.1,1,5.77,"acid","medium_clay_acid"
"PROF0147_1",-98.4985809,38.3041115,0,30,15.4649692,33.8,50.7,1.6024,6.42,"neutral","low_clay_neutral"
"PROF0148_1",-98.4792557,38.9366951,0,30,34.64731775,50.35,13.8,2.7926,7.885,"alkaline","medium_clay_alkaline"
"PROF0149_1",-98.4784698,38.0435295,0,30,6.7475165,11.9,81.4,0.4764,7.91,"alkaline","low_clay_alkaline"
"PROF0151_1",-98.4391327,38.2744026,0,30,24.238022,33.2,42.6,1.4232,8.07,"very_alkaline","medium_clay_alkaline"
"PROF0152_1",-98.4173889,39.9878349,0,30,33.3682561,60.6,6.1,1.115,6.625,"neutral","medium_clay_neutral"
"PROF0154_1",-98.35452778,39.36244444,0,30,40.4175192,53.5,6.1,1.88,5.23,"acid","high_clay_acid"
"PROF0155_1",-98.2916718,38.3298492,0,30,15.4877045,27.1,56.3,0.59,5.9,"acid","low_clay_acid"
"PROF0156_1",-98.2844391,37.9477959,0,30,21.0270584,24.4,54.6,0.5816,8.22,"very_alkaline","medium_clay_alkaline"
"PROF0157_1",-98.2828293,37.949604,0,30,21.5099222,24.9,53.6,2.2768,7.8,"alkaline","medium_clay_alkaline"
"PROF0158_1",-98.2826157,37.947197,0,30,13.0505123,17.4,69.5,0.75,8.83,"very_alkaline","low_clay_alkaline"
"PROF0159_1",-98.2611313,38.1848068,0,30,6.0927224,23.1,70.1,0.4204,7.7,"alkaline","low_clay_alkaline"
"PROF0160_1",-98.2334137,38.1224442,0,30,19.7637859,40.9,39.3,0.93,4.82,"very_acid","low_clay_acid"
"PROF0161_1",-98.2237854,37.8681946,0,30,7.0060176,22,71,0.34,4.98,"very_acid","low_clay_acid"
"PROF0162_1",-98.212532,39.6834984,0,30,22.29201,71,6.7,1.54,6.5,"neutral","medium_clay_neutral"
"PROF0163_1",-98.209198,39.4438896,0,30,22.8089647,63.1,14.1,2.5912,7.95,"alkaline","medium_clay_alkaline"
"PROF0164_1",-98.1052246,39.7850838,0,30,33.1276705,49.6,17.8,2.694,8.07,"very_alkaline","medium_clay_alkaline"
"PROF0165_1",-98.0677,38.0792,0,30,18.1972525,44.3,37.5,1.0032,8.745,"very_alkaline","low_clay_alkaline"
"PROF0166_1",-98.0431976,39.461834,0,30,29.7026385,63.8,6.4,2.642,8.11,"very_alkaline","medium_clay_alkaline"
"PROF0167_1",-97.9369736,39.8820267,0,30,65.4601064,34.2,0.3,1.84,4.59,"very_acid","high_clay_acid"
"PROF0168_1",-97.9071389,38.85725,0,30,25.0099436,48.4,26.6,1.97,6.29,"neutral","medium_clay_neutral"
"PROF0169_1",-97.8924408,39.6501045,0,30,48.921979,47,4.1,1.3228,8.02,"very_alkaline","high_clay_alkaline"
"PROF0170_1",-97.8778915,39.9500847,0,30,9.8516163,42.8,47.3,0.47,5.945,"acid","low_clay_acid"
"PROF0171_1",-97.8754883,39.6149368,0,30,46.6037355,50.6,2.6,1.3828,7.18,"alkaline","high_clay_alkaline"
"PROF0172_1",-97.8481369,39.9366684,0,30,12.6673907,50.5,36.9,1.04,7.45,"alkaline","low_clay_alkaline"
"PROF0173_1",-97.8147202,39.8996925,0,30,28.2850941,61.4,9.9,1.3056,6.93,"neutral","medium_clay_neutral"
"PROF0174_1",-97.649025,37.9900055,0,30,38.1747244,39.3,22.5,0.8968,7.77,"alkaline","medium_clay_alkaline"
"PROF0175_1",-97.6316528,38.0410385,0,30,25.7125151,35.7,42.4,1.09,5.86,"acid","medium_clay_acid"
"PROF0176_1",-97.6132889,37.9729347,0,30,22.23761025,45,34.55,0.6076,7.715,"alkaline","medium_clay_alkaline"
"PROF0178_1",-97.599617,39.3635445,0,30,32.6968383,59.7,7.6,2.05,5.81,"acid","medium_clay_acid"
"PROF0179_1",-97.599556,39.3629723,0,30,30.1200385,58.1,11.8,2.57,6.44,"neutral","medium_clay_neutral"
"PROF0180_1",-97.5987473,39.3627777,0,30,33.7296645,49.6,16.7,1.98,6.15,"neutral","medium_clay_neutral"
"PROF0181_1",-97.5977783,39.3629723,0,30,20.7847406,50,29.2,2.42,7.04,"alkaline","medium_clay_alkaline"
"PROF0182_1",-97.59771,38.77373,0,30,50.2697294,45.1,4.6,1.61,7.22,"alkaline","high_clay_alkaline"
"PROF0183_1",-97.59716,38.76994,0,30,41.8841237,49.2,8.9,1.4156,7.27,"alkaline","high_clay_alkaline"
"PROF0184_1",-97.59591,38.7759,0,30,38.656757,55.2,6.1,1.3936,6.6,"neutral","medium_clay_neutral"
"PROF0185_1",-97.5938797,39.3514404,0,30,21.3706472,36.4,42.2,1.66,5.82,"acid","medium_clay_acid"
"PROF0185_2",-97.5938797,39.3514404,0,30,18.4326923,46.9,34.7,2.67,5.34,"acid","low_clay_acid"
"PROF0186_1",-97.59319,38.77127,0,30,22.3115844,58.4,19.3,1.33,7.03,"alkaline","medium_clay_alkaline"
"PROF0187_1",-97.5919189,38.0444984,0,30,5.402698,18,76.6,0.5652,7.38,"alkaline","low_clay_alkaline"
"PROF0188_1",-97.59114,38.77362,0,30,22.7342337,59,18.3,1.77,6.98,"neutral","medium_clay_neutral"
"PROF0189_1",-97.5825577,39.5839043,0,30,8.6307626,27.6,63.8,0.42,5.48,"acid","low_clay_acid"
"PROF0190_1",-97.5792084,39.5837402,0,30,12.8571693,35.8,51.3,0.78,5.18,"acid","low_clay_acid"
"PROF0191_1",-97.57184,38.76662,0,30,32.1712274,61.2,6.6,2.136,7.78,"alkaline","medium_clay_alkaline"
"PROF0192_1",-97.57181,38.76657,0,30,36.7872901,58.7,4.5,2.2584,7.88,"alkaline","medium_clay_alkaline"
"PROF0193_1",-97.57065,38.76782,0,30,45.7340831,50.9,3.4,2.7824,7.7,"alkaline","high_clay_alkaline"
"PROF0194_1",-97.5700302,39.5709,0,30,13.395987,69.1,17.5,0.97,6.25,"neutral","low_clay_neutral"
"PROF0195_1",-97.56995,38.77171,0,30,21.2756184,54.3,23.1,0.704,8.08,"very_alkaline","medium_clay_alkaline"
"PROF0196_1",-97.5696944,38.8155,0,30,24.0426071,31,45,1.0144,6.84,"neutral","medium_clay_neutral"
"PROF0197_1",-97.56826,38.77109,0,30,28.4144049,62.3,9.3,1.2384,7.67,"alkaline","medium_clay_alkaline"
"PROF0198_1",-97.5215759,38.0229988,0,30,22.1839509,57.2,21,1.17,5.66,"acid","medium_clay_acid"
"PROF0199_1",-97.3811493,39.5655403,0,30,15.0787013,58.4,26.5,0.7148,7.34,"alkaline","low_clay_alkaline"
"PROF0200_1",-97.273,38.5573,0,30,51.28119035,45,3.7,2.3014,6.76,"neutral","high_clay_neutral"
"PROF0201_1",-97.2426111,39.2762778,0,30,49.435072,35,15.6,1.76,6.39,"neutral","high_clay_neutral"
"PROF0202_1",-97.1627778,39.8108611,0,30,29.801911,61.4,8.8,2.87,5.65,"acid","medium_clay_acid"
"PROF0203_1",-97.1591721,39.3976822,0,30,20.5728929,63.6,12.1,1.69,5.43,"acid","medium_clay_acid"
"PROF0204_1",-97.1393333,39.4171389,0,30,23.49411575,67.1,9.45,1.575,6.045,"neutral","medium_clay_neutral"
"PROF0205_1",-97.086113,37.1313896,0,30,7.4883479,20.1,72.4,0.76,5.67,"acid","low_clay_acid"
"PROF0206_1",-97.0597763,39.7811928,0,30,28.4293224,44.3,27.3,1.4,6.01,"neutral","medium_clay_neutral"
"PROF0207_1",-97.0554428,39.3340263,0,30,28.8254739,55.7,15.5,1.68,6.19,"neutral","medium_clay_neutral"
"PROF0208_1",-96.9960556,39.289547,0,30,25.80491405,69.7,4.5,1.53,6.655,"neutral","medium_clay_neutral"
"PROF0209_1",-96.895861,39.075361,0,30,12.3842402,63.2,24.4,1.5604,7.9,"alkaline","low_clay_alkaline"
"PROF0210_1",-96.8833618,37.8024101,0,30,37.5795673,57.3,5.1,2.07,6.24,"neutral","medium_clay_neutral"
"PROF0211_1",-96.85198,38.04382,0,30,49.6817884,46.9,3.4,1.5,7,"neutral","high_clay_alkaline"
"PROF0212_1",-96.8261108,38.8858337,0,30,25.4271198,70.7,3.9,2.65,5.57,"acid","medium_clay_acid"
"PROF0213_1",-96.7668611,37.8433889,0,30,35.4571492,58.8,5.7,4.5848,6.94,"neutral","medium_clay_neutral"
"PROF0214_1",-96.75730556,39.94230556,0,30,34.4551363,60.5,5,3.2312,7.8,"alkaline","medium_clay_alkaline"
"PROF0215_1",-96.75694444,39.94233333,0,30,27.1786465,63.9,8.9,2.3448,7.79,"alkaline","medium_clay_alkaline"
"PROF0216_1",-96.75224,39.33387,0,30,48.4736977,49.4,2.1,1.61,6.1,"neutral","high_clay_neutral"
"PROF0217_1",-96.75106,39.334,0,30,42.4048019,52.9,4.7,3.2724,7.9,"alkaline","high_clay_alkaline"
"PROF0218_1",-96.75098,39.33285,0,30,46.9814248,50.7,2.35,2.1248,6.475,"neutral","high_clay_neutral"
"PROF0219_1",-96.75051,39.33419,0,30,30.4546978,63.1,6.4,2.6184,8.02,"very_alkaline","medium_clay_alkaline"
"PROF0220_1",-96.74946,39.3339,0,30,40.9082297,54.4,4.7,4.894,7.89,"alkaline","high_clay_alkaline"
"PROF0221_1",-96.74865,39.33431,0,30,47.9660377,49.9,2.1,1.98,6.825,"neutral","high_clay_neutral"
"PROF0222_1",-96.6493611,39.015,0,30,38.0123511,57,5,5.2416,7.77,"alkaline","medium_clay_alkaline"
"PROF0223_1",-96.6475661,39.1247882,0,30,39.6557864,50.5,9.8,0.86,6.23,"neutral","medium_clay_neutral"
"PROF0224_1",-96.6452249,39.1262982,0,30,41.1504775,52.1,6.7,0.7,5.97,"acid","high_clay_acid"
"PROF0225_1",-96.64235,39.12368333,0,30,45.9392392,49.4,4.7,0.73,7.13,"alkaline","high_clay_alkaline"
"PROF0226_1",-96.64206944,39.12648333,0,30,26.6215149,61.8,11.4,1.235,6.125,"neutral","medium_clay_neutral"
"PROF0227_1",-96.6387001,39.115422,0,30,26.800911,64,9.2,1.3,5.81,"acid","medium_clay_acid"
"PROF0228_1",-96.63851111,39.12054167,0,30,26.6393584,63,10.4,1.16,5.88,"acid","medium_clay_acid"
"PROF0229_1",-96.63806111,39.12412222,0,30,40.9996937,51.5,7.5,1.19,6.14,"neutral","high_clay_neutral"
"PROF0230_1",-96.636472,37.95475,0,30,33.9813193,62.3,3.7,2.65,5.73,"acid","medium_clay_acid"
"PROF0231_1",-96.632,37.9615,0,30,25.9381177,69.5,4.6,3.19,5.78,"acid","medium_clay_acid"
"PROF0232_1",-96.6319444,37.9611389,0,30,24.3008788,68.6,7.1,2.92,6.13,"neutral","medium_clay_neutral"
"PROF0233_1",-96.6206589,39.1365776,0,30,43.8166982,53.6,2.6,1.56,6.65,"neutral","high_clay_neutral"
"PROF0234_1",-96.6180649,39.1337624,0,30,29.8243007,65.1,5.1,1.36,5.52,"acid","medium_clay_acid"
"PROF0235_1",-96.61478056,39.10831111,0,30,39.0267772,46.2,14.8,1.25,6.54,"neutral","medium_clay_neutral"
"PROF0236_1",-96.61286111,39.10784167,0,30,31.3612566,60.75,7.9,1.805,5.95,"acid","medium_clay_acid"
"PROF0237_1",-96.6104722,39.1082778,0,30,42.5380379,54.3,3.2,1.6546,6.82,"neutral","high_clay_neutral"
"PROF0237_2",-96.6104722,39.1082778,0,30,NA,NA,NA,NA,NA,NA,NA
"PROF0238_1",-96.61004,39.10559,0,30,30.2286159,60.35,9.4,2.9,6.46,"neutral","medium_clay_neutral"
"PROF0239_1",-96.60717,39.70393,0,30,40.3075146,52.9,6.8,1.4864,7.225,"alkaline","high_clay_alkaline"
"PROF0240_1",-96.60426,39.1033,0,30,34.9154286,61.1,4,2.15,6.71,"neutral","medium_clay_neutral"
"PROF0241_1",-96.60176,39.09877,0,30,37.7259885,52.4,9.9,3.4128,7.68,"alkaline","medium_clay_alkaline"
"PROF0242_1",-96.60105,39.21723056,0,30,34.014063,56.1,9.9,1.49,6.13,"neutral","medium_clay_neutral"
"PROF0242_2",-96.60105,39.21723056,0,30,46.6484939,49.2,4.2,0.74,6.69,"neutral","high_clay_neutral"
"PROF0243_1",-96.60103889,39.21721111,0,30,44.13486335,50.25,5.6,1.355,5.435,"acid","high_clay_acid"
"PROF0244_1",-96.599,39.21496944,0,30,46.8663471,49.8,3.3,0.95,7.05,"alkaline","high_clay_alkaline"
"PROF0244_2",-96.599,39.21496944,0,30,NA,NA,NA,NA,NA,NA,NA
"PROF0245_1",-96.59763,39.10603,0,30,42.5628059,50.6,6.8,5.162,7.74,"alkaline","high_clay_alkaline"
"PROF0246_1",-96.59631,39.10396,0,30,37.0533757,55.6,7.3,2.6772,7.06,"alkaline","medium_clay_alkaline"
"PROF0247_1",-96.5958711,39.2163143,0,30,42.5348024,53.2,4.3,1.78,6.28,"neutral","high_clay_neutral"
"PROF0248_1",-96.59556944,39.22296944,0,30,27.3851039,57.9,14.7,1.39,7.1,"alkaline","medium_clay_alkaline"
"PROF0249_1",-96.59276944,39.2099,0,30,38.45269615,51.95,9.55,1.135,5.72,"acid","medium_clay_acid"
"PROF0250_1",-96.59177778,39.22829444,0,30,39.8231278,50.4,9.8,1.73,6.78,"neutral","medium_clay_neutral"
"PROF0251_1",-96.591389,38.447917,0,30,48.8183153,47.6,3.6,4.06,6.68,"neutral","high_clay_neutral"
"PROF0252_1",-96.58963889,39.21316944,0,30,35.1823014,59.4,5.4,1.21,5.67,"acid","medium_clay_acid"
"PROF0253_1",-96.5889,39.07098,0,30,32.0573387,60.7,7.2,3.1,6.065,"neutral","medium_clay_neutral"
"PROF0254_1",-96.58558,39.10068,0,30,42.9986896,48.6,8.4,2.6008,7.76,"alkaline","high_clay_alkaline"
"PROF0255_1",-96.58411,39.09203,0,30,28.0906231,49.2,22.7,1.598,7.95,"alkaline","medium_clay_alkaline"
"PROF0256_1",-96.5830278,38.4544444,0,30,49.7682197,46.8,3.4,2.44,7.15,"alkaline","high_clay_alkaline"
"PROF0257_1",-96.58281944,39.22143889,0,30,24.9243426,64.2,10.9,1.47,6.77,"neutral","medium_clay_neutral"
"PROF0258_1",-96.58242,39.08433,0,30,41.4583818,54.95,3.75,3.2718,7.735,"alkaline","high_clay_alkaline"
"PROF0259_1",-96.57133,39.07361,0,30,36.5545523,57.4,6,3.33,6.12,"neutral","medium_clay_neutral"
"PROF0260_1",-96.56356,39.10354,0,30,40.0875573,48.5,11.4,3.48,5.79,"acid","high_clay_acid"
"PROF0261_1",-96.56269,39.09044,0,30,37.8826959,49.8,12.3,3.24,6.06,"neutral","medium_clay_neutral"
"PROF0262_1",-96.56225,39.10071,0,30,51.8739377,45.3,2.8,2.15,6.15,"neutral","high_clay_neutral"
"PROF0263_1",-96.55875,38.4546667,0,30,35.477164,58.1,6.4,2.62,6,"acid","medium_clay_neutral"
"PROF0263_2",-96.55875,38.4546667,0,30,NA,NA,NA,NA,NA,NA,NA
"PROF0263_3",-96.55875,38.4546667,0,30,NA,NA,NA,NA,NA,NA,NA
"PROF0264_1",-96.55602,39.07495,0,30,31.2304101,58.7,10.1,3.92,5.93,"acid","medium_clay_acid"
"PROF0265_1",-96.55236,39.11074,0,30,34.4262673,50.8,14.15,2.1352,7.88,"alkaline","medium_clay_alkaline"
"PROF0266_1",-96.55031,39.11033,0,30,28.6747963,59.4,11.9,2.3516,7.91,"alkaline","medium_clay_alkaline"
"PROF0267_1",-96.54613,39.11983,0,30,52.1935311,42,5.8,3.6404,7.89,"alkaline","high_clay_alkaline"
"PROF0268_1",-96.54079,39.11914,0,30,34.8605574,59.6,5.5,3.13,6.39,"neutral","medium_clay_neutral"
"PROF0268_2",-96.54079,39.11914,0,30,NA,NA,NA,NA,NA,NA,NA
"PROF0269_1",-96.533603,38.096593,0,30,37.7778018,58.5,3.7,3.19,6.28,"neutral","medium_clay_neutral"
"PROF0270_1",-96.533603,39.096593,0,30,38.4543873,58.4,3.1,2.57,5.55,"acid","medium_clay_acid"
"PROF0271_1",-96.533435,39.097154,0,30,42.55077655,51.3,6.15,2.2878,5.98,"acid","high_clay_acid"
"PROF0272_1",-96.5323889,39.2291944,0,30,38.9708738,48.2,12.9,2.8756,7.64,"alkaline","medium_clay_alkaline"
"PROF0274_1",-96.48741944,39.41203,0,30,26.11612,53.6,20.3,2.8192,6.93,"neutral","medium_clay_neutral"
"PROF0275_1",-96.399185,37.91735,0,30,47.7272692,49.05,3.2,1.725,6.39,"neutral","high_clay_neutral"
"PROF0276_1",-96.3802883,38.2397267,0,30,47.3004744,49.8,2.9,2.73,6.35,"neutral","high_clay_neutral"
"PROF0277_1",-96.3187082,38.3299964,0,30,51.9959319,46,2,2.05,7.08,"alkaline","high_clay_alkaline"
"PROF0278_1",-96.2000809,39.8588486,0,30,44.128759,54.6,1.1,1.02,6.11,"neutral","high_clay_neutral"
"PROF0279_1",-96.1946411,39.8592949,0,30,45.4139494,53.3,0.8,0.91,6.16,"neutral","high_clay_neutral"
"PROF0280_1",-96.1718903,39.8873596,0,30,47.2921444,48.5,4.2,1.03,6.26,"neutral","high_clay_neutral"
"PROF0281_1",-96.162941,39.7004738,0,30,40.4190528,54.4,5.2,2.28,5.9,"acid","high_clay_acid"
"PROF0282_1",-96.147364,38.513794,0,30,35.2615239,61.2,3.3,1.54,6.05,"neutral","medium_clay_neutral"
"PROF0283_1",-96.1426086,39.8463326,0,30,23.8222065,47,29.2,1.28,5.1,"acid","medium_clay_acid"
"PROF0284_1",-96.1146927,39.8582001,0,30,44.8365652,53.5,1.7,1.7,5.94,"acid","high_clay_acid"
"PROF0285_1",-96.1142426,39.7368202,0,30,47.6131355,49.8,2.6,1.42,6.6,"neutral","high_clay_neutral"
"PROF0286_1",-96.1040955,39.7448769,0,30,44.8703936,53,2.15,1.595,6.21,"neutral","high_clay_neutral"
"PROF0287_1",-96.0515556,39.8065278,0,30,29.1003452,69,2.05,1.5,6.01,"neutral","medium_clay_neutral"
"PROF0288_1",-96.0514722,39.8065833,0,30,28.1670754,67.9,3.9,1.3,6.19,"neutral","medium_clay_neutral"
"PROF0289_1",-96.0513889,39.8064167,0,30,32.4452396,64,3.6,1.6,6.36,"neutral","medium_clay_neutral"
"PROF0290_1",-96.0513889,39.8065278,0,30,25.2830922,72.1,2.6,1.52,5.9,"acid","medium_clay_acid"
"PROF0291_1",-96.05125,39.8065278,0,30,28.5826364,68.7,2.85,1.405,5.96,"acid","medium_clay_acid"
"PROF0292_1",-96.025528,39.1443329,0,30,44.6947763,51.8,3.5,1.98,6.7,"neutral","high_clay_neutral"
"PROF0293_1",-95.9842834,39.1167908,0,30,12.3276033,64.1,23.6,1.03,7.12,"alkaline","low_clay_alkaline"
"PROF0294_1",-95.9747391,39.144413,0,30,12.836281,46.2,41,1.0928,7.54,"alkaline","low_clay_alkaline"
"PROF0295_1",-95.9468536,39.1241684,0,30,21.8227296,69.5,8.7,1.49,7.12,"alkaline","medium_clay_alkaline"
"PROF0296_1",-95.9366379,39.136837,0,30,22.4508508,60.6,16.9,1.5324,7.77,"alkaline","medium_clay_alkaline"
"PROF0297_1",-95.9337311,39.1349983,0,30,23.0549399,61,15.9,1.328,7.47,"alkaline","medium_clay_alkaline"
"PROF0298_1",-95.927681,39.1197662,0,30,16.6249233,50.9,32.5,1,6.22,"neutral","low_clay_neutral"
"PROF0299_1",-95.9245224,39.1207275,0,30,14.7940739,57.1,28.1,1.22,5.9,"acid","low_clay_acid"
"PROF0300_1",-95.923233,39.1199303,0,30,7.4585156,40.3,52.2,0.94,5.45,"acid","low_clay_acid"
"PROF0301_1",-95.8891296,39.9878769,0,30,35.5110235,63,1.5,2.4,5.48,"acid","medium_clay_acid"
"PROF0302_1",-95.8657222,37.2895833,0,30,34.1782252,56.3,9.5,1.94,5.34,"acid","medium_clay_acid"
"PROF0303_1",-95.8656944,37.2893889,0,30,33.4475365,54.8,11.8,1.77,5.56,"acid","medium_clay_acid"
"PROF0304_1",-95.8501968,39.9316521,0,30,40.0898876,58.5,1.4,1.8612,6.27,"neutral","high_clay_neutral"
"PROF0305_1",-95.7836075,37.8611488,0,30,35.2876134,59.8,4.9,4.09,6.33,"neutral","medium_clay_neutral"
"PROF0306_1",-95.7835877,37.8610334,0,30,27.2852123,68.2,4.5,1.5328,7.36,"alkaline","medium_clay_alkaline"
"PROF0307_1",-95.7708282,39.0783539,0,30,35.1451822,59.8,5,1.09,7.05,"alkaline","medium_clay_alkaline"
"PROF0308_1",-95.7685928,39.0773468,0,30,11.6614615,55.4,32.9,1.01,6.08,"neutral","low_clay_neutral"
"PROF0308_2",-95.7685928,39.0773468,0,30,NA,NA,NA,NA,NA,NA,NA
"PROF0309_1",-95.7685547,39.0746841,0,30,29.1877618,51.4,18.5,1.09,6.2,"neutral","medium_clay_neutral"
"PROF0310_1",-95.7561111,38.5269444,0,30,38.5520336,59.9,1.5,2.04,5.67,"acid","medium_clay_acid"
"PROF0311_1",-95.7528915,37.7220268,0,30,20.3796623,69,10.6,1.47,6.13,"neutral","medium_clay_neutral"
"PROF0312_1",-95.74967,37.3569417,0,30,35.0576964,57.3,7.6,1.9,6.69,"neutral","medium_clay_neutral"
"PROF0313_1",-95.7178472,38.0192944,0,30,28.5958817,53.5,17.9,2.66,5.84,"acid","medium_clay_acid"
"PROF0314_1",-95.6965,39.69038889,0,30,26.8338285,70.7,2.5,1.986,7.7,"alkaline","medium_clay_alkaline"
"PROF0315_1",-95.67608333,39.68572222,0,30,45.7698678,52.2,2,2.2132,7.91,"alkaline","high_clay_alkaline"
"PROF0316_1",-95.66088889,39.66763889,0,30,34.0424561,62.3,3.65,2.335,6.315,"neutral","medium_clay_neutral"
"PROF0317_1",-95.6561,37.3260806,0,30,36.9454581,41.2,21.9,2.83,7.01,"alkaline","medium_clay_alkaline"
"PROF0318_1",-95.65186111,39.66355556,0,30,30.5287735,59.3,10.2,2.06,6.28,"neutral","medium_clay_neutral"
"PROF0319_1",-95.64888889,39.66527778,0,30,35.64267405,61.1,3.25,1.9308,7.285,"alkaline","medium_clay_alkaline"
"PROF0320_1",-95.64780556,39.66613889,0,30,33.5961651,63.1,3.3,3.014,7.67,"alkaline","medium_clay_alkaline"
"PROF0321_1",-95.6379444,39.6588611,0,30,23.3621271,71,5.6,1.2028,7.93,"alkaline","medium_clay_alkaline"
"PROF0322_1",-95.62761111,39.68361111,0,30,32.2545902,64.6,3.1,2.0584,7.81,"alkaline","medium_clay_alkaline"
"PROF0323_1",-95.60849,38.6971512,0,30,30.6770443,65.1,4.2,2.31,5.94,"acid","medium_clay_acid"
"PROF0324_1",-95.6044464,37.6883888,0,30,31.5531585,63.8,4.6,3.19,5.78,"acid","medium_clay_acid"
"PROF0325_1",-95.599845,37.6899317,0,30,46.9796166,49.3,3.7,1.75,6.9,"neutral","high_clay_neutral"
"PROF0326_1",-95.5994111,38.2748694,0,30,22.1008993,41.5,33.7,1.69,6.09,"neutral","medium_clay_neutral"
"PROF0326_2",-95.5994111,38.2748694,0,30,47.5267246,41.45,11,2.2,6.46,"neutral","high_clay_neutral"
"PROF0327_1",-95.5844421,39.0684433,0,30,9.6810247,72.1,18.2,0.64,5.45,"acid","low_clay_acid"
"PROF0328_1",-95.5840111,38.5987056,0,30,33.4147386,56.3,10.3,3.38,6.24,"neutral","medium_clay_neutral"
"PROF0329_1",-95.563942,39.350029,0,30,57.1197789,41.6,1.7,2.9296,7.56,"alkaline","high_clay_alkaline"
"PROF0330_1",-95.5569305,37.8561211,0,30,35.2153705,61.6,3.2,2.71,6.71,"neutral","medium_clay_neutral"
"PROF0330_2",-95.5569305,37.8561211,0,30,NA,NA,NA,NA,NA,NA,NA
"PROF0331_1",-95.5406278,38.4035667,0,30,32.90071795,63.4,3.7,2.46,6.49,"neutral","medium_clay_neutral"
"PROF0331_2",-95.5406278,38.4035667,0,30,NA,NA,NA,NA,NA,NA,NA
"PROF0332_1",-95.4634528,37.17825,0,30,35.3159145,47.8,16.9,1.69,5.9,"acid","medium_clay_acid"
"PROF0333_1",-95.460556,39.2619438,0,30,40.3996186,53.5,6.1,3.01,7.24,"alkaline","high_clay_alkaline"
"PROF0334_1",-95.4602814,39.2605553,0,30,29.4319239,45,26.1,1.8,5.37,"acid","medium_clay_acid"
"PROF0335_1",-95.4516667,38.6463889,0,30,38.2342295,59.6,2.2,1.68,6.46,"neutral","medium_clay_neutral"
"PROF0336_1",-95.4374167,39.8990833,0,30,19.6701512,73.6,7.5,1.15,5.64,"acid","low_clay_acid"
"PROF0337_1",-95.4373333,39.8992222,0,30,21.3924005,73.1,5.5,1.16,5.16,"acid","medium_clay_acid"
"PROF0338_1",-95.4372778,39.8991111,0,30,21.56030995,74.9,3.95,1.04,5.46,"acid","medium_clay_acid"
"PROF0339_1",-95.43725,39.899,0,30,22.8938527,72.8,5.2,1.09,5.39,"acid","medium_clay_acid"
"PROF0340_1",-95.4371667,39.8991389,0,30,21.4378604,74.8,3.8,1.075,5.405,"acid","medium_clay_acid"
"PROF0341_1",-95.4346667,37.4517667,0,30,39.2347849,47.8,13,2.75,7.17,"alkaline","medium_clay_alkaline"
"PROF0342_1",-95.4191666,39.220417,0,30,38.2523035,56.8,4.6,2.34,6.82,"neutral","medium_clay_neutral"
"PROF0343_1",-95.3852463,39.1519737,0,30,42.2683052,54.5,3.2,7.3168,7.55,"alkaline","high_clay_alkaline"
"PROF0344_1",-95.3824692,39.0669479,0,30,17.5620546,60,21.9,1.195,6.74,"neutral","low_clay_neutral"
"PROF0345_1",-95.37397222,39.98838889,0,30,25.6632085,69.2,5.1,1.85,6.4,"neutral","medium_clay_neutral"
"PROF0346_1",-95.3574982,37.5144463,0,30,23.1067336,58.6,18.3,2.09,7.14,"alkaline","medium_clay_alkaline"
"PROF0348_1",-95.3527222,37.5138893,0,30,22.1053171,71.7,6.2,2.05,5.88,"acid","medium_clay_acid"
"PROF0349_1",-95.3433075,37.372467,0,30,30.65681495,64.2,5.15,2.215,5.865,"acid","medium_clay_acid"
"PROF0349_2",-95.3433075,37.372467,0,30,NA,NA,NA,NA,NA,NA,NA
"PROF0350_1",-95.342308,37.3725281,0,30,35.7622789,53,11.2,2.96,5.76,"acid","medium_clay_acid"
"PROF0351_1",-95.2860833,38.3244722,0,30,37.8274639,56.7,5.5,2.8268,7.46,"alkaline","medium_clay_alkaline"
"PROF0352_1",-95.2856944,38.3241667,0,30,50.2598056,46.7,3,2.47,6.925,"neutral","high_clay_neutral"
"PROF0353_1",-95.2742,38.18122,0,30,27.1582647,66.6,6.2,1.68,6.12,"neutral","medium_clay_neutral"
"PROF0354_1",-95.27245,39.18119,0,30,25.5724956,67,7.4,3.22,6.16,"neutral","medium_clay_neutral"
"PROF0355_1",-95.2644583,38.0441583,0,30,32.755291,52.9,14.3,3.38,6.48,"neutral","medium_clay_neutral"
"PROF0356_1",-95.2615117,37.8757,0,30,44.9617958,51.5,3.5,4.47,5.84,"acid","high_clay_acid"
"PROF0357_1",-95.2524167,38.0231194,0,30,42.31149425,50.45,7.25,3.805,6.86,"neutral","high_clay_neutral"
"PROF0358_1",-95.24809,38.53867,0,30,24.4239306,70.6,5,2.45,6.975,"neutral","medium_clay_neutral"
"PROF0359_1",-95.2458878,38.53825,0,30,24.8524608,73.1,2,1.58,6.7,"neutral","medium_clay_neutral"
"PROF0360_1",-95.2408371,39.1592484,0,30,32.9507789,49.8,17.2,2.98,5.92,"acid","medium_clay_acid"
"PROF0361_1",-95.2228775,39.0031357,0,30,15.5865031,66.3,18.1,1.2,7.11,"alkaline","low_clay_alkaline"
"PROF0362_1",-95.212,39.04537,0,30,42.4511336,54.7,2.8,2.7672,5.73,"acid","high_clay_acid"
"PROF0363_1",-95.2074966,39.0224724,0,30,10.2774035,24.7,65,1.85,6.8,"neutral","low_clay_neutral"
"PROF0364_1",-95.2071075,39.0212784,0,30,6.1651308,12,81.8,1.22,6.66,"neutral","low_clay_neutral"
"PROF0365_1",-95.20548,39.03693,0,30,41.3687531,56.2,2.4,2.884,7.5,"alkaline","high_clay_alkaline"
"PROF0366_1",-95.20461,39.0535,0,30,35.1150604,60.5,4.35,2.2444,6.96,"neutral","medium_clay_neutral"
"PROF0367_1",-95.20457,39.03625,0,30,40.7685328,52.6,6.6,2.8348,6.81,"neutral","high_clay_neutral"
"PROF0368_1",-95.2043889,39.04175,0,30,42.9019559,48.8,8.55,4.4326,7.51,"alkaline","high_clay_alkaline"
"PROF0369_1",-95.2036133,39.042778,0,30,51.9571721,45.3,2.7,3.87,7.39,"alkaline","high_clay_alkaline"
"PROF0370_1",-95.20285,39.04306,0,30,40.4266132,54.8,4.8,3.4508,6.01,"neutral","high_clay_neutral"
"PROF0371_1",-95.20259,39.04756,0,30,53.0475279,36.9,10.1,0.712,6.94,"neutral","high_clay_neutral"
"PROF0372_1",-95.20154,39.03651,0,30,41.4942375,52.7,5.8,5.0092,7.06,"alkaline","high_clay_alkaline"
"PROF0373_1",-95.20136,39.04177,0,30,56.8876488,40.6,2.5,4.2892,7.58,"alkaline","high_clay_alkaline"
"PROF0374_1",-95.19885,39.03373,0,30,37.1808758,60.6,2.2,3.1916,6.5,"neutral","medium_clay_neutral"
"PROF0375_1",-95.19851,39.04743,0,30,22.0607171,62.6,15.3,2.9812,6.41,"neutral","medium_clay_neutral"
"PROF0376_1",-95.1984,39.04544,0,30,52.5167833,43.6,3.9,3.6088,7.44,"alkaline","high_clay_alkaline"
"PROF0377_1",-95.19714,39.03747,0,30,49.4638985,47.1,3.4,4.9148,7.34,"alkaline","high_clay_alkaline"
"PROF0377_2",-95.19714,39.03747,0,30,NA,NA,NA,NA,NA,NA,NA
"PROF0378_1",-95.1959213,39.0315519,0,30,40.8075224,50,9.2,3.0492,6.14,"neutral","high_clay_neutral"
"PROF0379_1",-95.19296,39.05324,0,30,49.3502098,41.3,9.3,0.754,6.75,"neutral","high_clay_neutral"
"PROF0380_1",-95.1912994,39.0514107,0,30,32.3406488,63.3,4.4,1.65,6.35,"neutral","medium_clay_neutral"
"PROF0381_1",-95.1910278,39.0315944,0,30,33.9148701,55.7,10.4,2.5872,6.16,"neutral","medium_clay_neutral"
"PROF0382_1",-95.18974,39.03356,0,30,40.6794137,52.3,7,6.1552,6.97,"neutral","high_clay_neutral"
"PROF0383_1",-95.18948,39.05554,0,30,28.0480702,58.2,13.8,2.1808,5.8,"acid","medium_clay_acid"
"PROF0384_1",-95.18835,39.03228,0,30,46.7304425,50.8,2.5,5.6492,7.34,"alkaline","high_clay_alkaline"
"PROF0385_1",-95.1858368,39.0511398,0,30,34.8578289,62.9,2.2,1.76,6.2,"neutral","medium_clay_neutral"
"PROF0386_1",-95.1851959,39.0514717,0,30,52.018552,45,3,4.5892,7.2,"alkaline","high_clay_alkaline"
"PROF0387_1",-95.1754028,37.1898417,0,30,15.1149381,74.9,10,1.3096,5.76,"acid","low_clay_acid"
"PROF0388_1",-95.1661111,38.4861111,0,30,32.2770531,65.9,1.7,2.24,6.44,"neutral","medium_clay_neutral"
"PROF0389_1",-95.1556267,37.6304833,0,30,51.8787351,45.3,2.8,1.72,6.79,"neutral","high_clay_neutral"
"PROF0390_1",-95.1301422,39.1107483,0,30,39.0710433,57.9,3,2.04,6.3,"neutral","medium_clay_neutral"
"PROF0391_1",-95.1299973,39.1105537,0,30,42.4804998,56.3,1.2,2.01,6.38,"neutral","high_clay_neutral"
"PROF0392_1",-95.0884705,39.2999992,0,30,31.6002386,49.5,18.9,1.98,5.66,"acid","medium_clay_acid"
"PROF0393_1",-95.0866472,37.2818722,0,30,31.6283233,60.6,7.8,2.0764,7.05,"alkaline","medium_clay_alkaline"
"PROF0394_1",-95.0864583,37.26405,0,30,19.8533042,72.9,7.2,1.15,6.29,"neutral","low_clay_neutral"
"PROF0395_1",-95.0847244,39.0449715,0,30,25.9688111,45.7,29.05,1.98,5.275,"acid","medium_clay_acid"
"PROF0396_1",-95.0811389,38.614725,0,30,45.5022205,49.9,4.6,2.04,7.34,"alkaline","high_clay_alkaline"
"PROF0397_1",-95.0554581,39.2041321,0,30,48.7988205,50.7,0.5,2.63,6.7,"neutral","high_clay_neutral"
"PROF0398_1",-95.0383301,37.7757988,0,30,37.7212965,57,5.3,3.08,5.82,"acid","medium_clay_acid"
"PROF0398_2",-95.0383301,37.7757988,0,30,NA,NA,NA,NA,NA,NA,NA
"PROF0399_1",-95.0228882,39.0433044,0,30,21.182058,43.3,35.5,0.97,5.82,"acid","medium_clay_acid"
"PROF0400_1",-95.0066833,37.1352167,0,30,9.451571,81,9.5,0.5896,6.86,"neutral","low_clay_neutral"
"PROF0401_1",-95.0011111,38.3166667,0,30,32.8867056,64.1,3,1.71,6.47,"neutral","medium_clay_neutral"
"PROF0402_1",-94.9961433,37.790035,0,30,37.7623693,59.9,2.3,1.75,7.29,"alkaline","medium_clay_alkaline"
"PROF0403_1",-94.9535556,39.8993889,0,30,7.3798757,34.7,57.9,0.5454,7.87,"alkaline","low_clay_alkaline"
"PROF0404_1",-94.9454727,39.3565025,0,30,32.1160891,65.1,2.8,1.53,6.9,"neutral","medium_clay_neutral"
"PROF0405_1",-94.9432831,39.3521156,0,30,18.946346,76,5.1,2.77,6.71,"neutral","low_clay_neutral"
"PROF0405_2",-94.9432831,39.3521156,0,30,36.8555454,61.5,1.6,0.43,5.37,"acid","medium_clay_acid"
"PROF0406_1",-94.943222,39.3534584,0,30,37.2338835,55.95,6.8,1.64,6.905,"neutral","medium_clay_neutral"
"PROF0407_1",-94.9396167,37.3043694,0,30,47.9347414,49.8,2.3,3.3716,6.62,"neutral","high_clay_neutral"
"PROF0408_1",-94.9231389,37.3761667,0,30,15.7904225,76.9,7.3,0.7448,7.49,"alkaline","low_clay_alkaline"
"PROF0409_1",-94.9192505,39.8174438,0,30,53.4796063,45.1,1.4,1.8,6.39,"neutral","high_clay_neutral"
"PROF0410_1",-94.8795166,39.2620316,0,30,32.1481505,65.4,2.5,1.3956,7.89,"alkaline","medium_clay_alkaline"
"PROF0411_1",-94.8722722,37.2150667,0,30,18.2809589,68,13.7,0.9876,6.56,"neutral","low_clay_neutral"
"PROF0412_1",-94.8702694,38.4607667,0,30,49.8997842,43.9,6.2,2.79,6.39,"neutral","high_clay_neutral"
"PROF0413_1",-94.8478775,38.5921707,0,30,32.7348075,63.2,4.1,3.72,6.17,"neutral","medium_clay_neutral"
"PROF0414_1",-94.8418198,37.5755234,0,30,28.8374661,62.6,8.6,1.73,6.24,"neutral","medium_clay_neutral"
"PROF0414_2",-94.8418198,37.5755234,0,30,NA,NA,NA,NA,NA,NA,NA
"PROF0415_1",-94.8410778,37.0171278,0,30,8.6902637,81.4,9.9,0.764,6.68,"neutral","low_clay_neutral"
"PROF0416_1",-94.8375583,37.5434817,0,30,31.5113804,62.8,5.7,1.8796,6.91,"neutral","medium_clay_neutral"
"PROF0417_1",-94.7608337,38.8363876,0,30,33.8157299,64.4,1.8,1.91,6.2,"neutral","medium_clay_neutral"
"PROF0418_1",-94.7328644,37.832222,0,30,19.8791767,76,4.1,1.48,6.46,"neutral","low_clay_neutral"
"PROF0418_2",-94.7328644,37.832222,0,30,NA,NA,NA,NA,NA,NA,NA
"PROF0419_1",-94.7166583,37.9413,0,30,32.5207823,61.2,6.3,3.14,5.6,"acid","medium_clay_acid"
"PROF0420_1",-94.7096389,37.5126389,0,30,15.4212625,75.6,9,1.2164,6.03,"neutral","low_clay_neutral"
